Workbook

Sheet ĐNTT
A1: CÔNG TY CỔ PHẦN TẬP ĐOÀN THIẾT BỊ XÂY DỰNG TP | D1: CỘNG HOÀ XÃ HỘI CHỦ NGHĨA VIỆT NAM
D2: Độc lập - Tự do - Hạnh phúc
G4: Hà Nội, ngày …. tháng …. năm 2025
A6: GIẤY ĐỀ NGHỊ THANH TOÁN
A8: Kính gửi: CÔNG TY TNHH XÂY DỰNG VIỆT PANEL
A9: Công ty Cổ phần Tập đoàn Thiết bị xây dựng TP xin gửi tới Quý Công ty lời chào trân trọng và hợp tác.
A10: =+ĐCCN!$A$7 -> - Căn cứ Hợp đồng kinh tế số 0412/HĐKT2025/TP-VIETPANEL ký ngày 04/12/2025 giữa Công ty TNHH xây dựng Việt Panel và Công ty Cổ phần Tập đoàn Thiết bị xây dựng TP về việc cho thuê thiết bị xây dựng.
A11: - Căn cứ Biên bản đối chiếu giá trị thuê thiết bị tháng 12/2025;
B12: - Giá trị đề nghị thanh toán: | E12: =ĐCCN!G28 -> 30768025 | F12: đồng.
A13: =ĐCCN!A29 -> Bằng chữ: | B13: =ĐCCN!B29 -> Ba mươi triệu, bảy trăm sáu mươi tám nghìn, không trăm hai mươi lăm đồng./.
A14: Công ty Cổ phần Tập đoàn Thiết bị xây dựng TP kính đề nghị Quý công ty thanh toán số tiền trên cho chúng tôi theo thông tin dưới đây:
B15: - Đơn vị thụ hưởng: | D15: Công ty Cổ phần Tập đoàn Thiết bị Xây dựng TP
B16: - Địa chỉ: | D16: Thôn Trung, Xã Ô Diên, Thành phố Hà Nội
B17: - Tài khoản số: | D17: 8331100096008, tại Ngân hàng Thương mại cổ phần Quân đội - Chi nhánh Hoàng Quốc Việt
A18: Xin trân trọng cảm ơn!
E19: CÔNG TY CỔ PHẦN TẬP ĐOÀN THIẾT BỊ XÂY DỰNG TP
A24: CÔNG TY CỔ PHẦN TẬP ĐOÀN THIẾT BỊ XÂY DỰNG TP | D24: CỘNG HOÀ XÃ HỘI CHỦ NGHĨA VIỆT NAM
D25: Độc lập - Tự do - Hạnh phúc
G27: Hà Nội, ngày …. tháng …. năm 2026
A29: GIẤY ĐỀ NGHỊ THANH TOÁN
A31: Kính gửi: CÔNG TY TNHH XÂY DỰNG VIỆT PANEL
A32: Công ty Cổ phần Tập đoàn Thiết bị xây dựng TP xin gửi tới Quý Công ty lời chào trân trọng và hợp tác.
A33: =+ĐCCN!$A$7 -> - Căn cứ Hợp đồng kinh tế số 0412/HĐKT2025/TP-VIETPANEL ký ngày 04/12/2025 giữa Công ty TNHH xây dựng Việt Panel và Công ty Cổ phần Tập đoàn Thiết bị xây dựng TP về việc cho thuê thiết bị xây dựng.
A34: - Căn cứ Biên bản đối chiếu giá trị thuê thiết bị tháng 01/2026;
B35: - Giá trị đề nghị thanh toán trong kỳ: | E35: ='Giá trị'!J296 -> 884490707 | F35: đồng.
A36: =$A$13 -> Bằng chữ: | B36: ='Giá trị'!B297 -> Tám trăm tám mươi tư triệu, bốn trăm chín mươi nghìn, bảy trăm linh bảy đồng./.
A37: Công ty Cổ phần Tập đoàn Thiết bị xây dựng TP kính đề nghị Quý công ty thanh toán số tiền trên cho chúng tôi theo thông tin dưới đây:
B38: - Đơn vị thụ hưởng: | D38: Công ty Cổ phần Tập đoàn Thiết bị Xây dựng TP
B39: - Địa chỉ: | D39: Thôn Trung, Xã Ô Diên, Thành phố Hà Nội
B40: - Tài khoản số: | D40: 8331100096008, tại Ngân hàng Thương mại cổ phần Quân đội - Chi nhánh Hoàng Quốc Việt
A41: Xin trân trọng cảm ơn!
E42: CÔNG TY CỔ PHẦN TẬP ĐOÀN THIẾT BỊ XÂY DỰNG TP
A47: CÔNG TY CỔ PHẦN TẬP ĐOÀN THIẾT BỊ XÂY DỰNG TP | D47: CỘNG HOÀ XÃ HỘI CHỦ NGHĨA VIỆT NAM
D48: Độc lập - Tự do - Hạnh phúc
G50: Hà Nội, ngày …. tháng …. năm 2026
A52: GIẤY ĐỀ NGHỊ THANH TOÁN
A54: Kính gửi: CÔNG TY TNHH XÂY DỰNG VIỆT PANEL
A55: Công ty Cổ phần Tập đoàn Thiết bị xây dựng TP xin gửi tới Quý Công ty lời chào trân trọng và hợp tác.
A56: =+ĐCCN!$A$7 -> - Căn cứ Hợp đồng kinh tế số 0412/HĐKT2025/TP-VIETPANEL ký ngày 04/12/2025 giữa Công ty TNHH xây dựng Việt Panel và Công ty Cổ phần Tập đoàn Thiết bị xây dựng TP về việc cho thuê thiết bị xây dựng.
A57: - Căn cứ Biên bản đối chiếu giá trị thuê thiết bị tháng 02/2026;
B58: - Giá trị đề nghị thanh toán trong kỳ: | E58: =+'Giá trị'!J390 -> 658759883 | F58: đồng.
A59: =$A$13 -> Bằng chữ: | B59: ='Giá trị'!B391 -> Sáu trăm năm mươi tám triệu, bảy trăm năm mươi chín nghìn, tám trăm tám mươi ba đồng./.
A60: Công ty Cổ phần Tập đoàn Thiết bị xây dựng TP kính đề nghị Quý công ty thanh toán số tiền trên cho chúng tôi theo thông tin dưới đây:
B61: - Đơn vị thụ hưởng: | D61: Công ty Cổ phần Tập đoàn Thiết bị Xây dựng TP
B62: - Địa chỉ: | D62: Thôn Trung, Xã Ô Diên, Thành phố Hà Nội
B63: - Tài khoản số: | D63: 8331100096008, tại Ngân hàng Thương mại cổ phần Quân đội - Chi nhánh Hoàng Quốc Việt
A64: Xin trân trọng cảm ơn!
E65: CÔNG TY CỔ PHẦN TẬP ĐOÀN THIẾT BỊ XÂY DỰNG TP
A72: CÔNG TY CỔ PHẦN TẬP ĐOÀN THIẾT BỊ XÂY DỰNG TP | D72: CỘNG HOÀ XÃ HỘI CHỦ NGHĨA VIỆT NAM
D73: Độc lập - Tự do - Hạnh phúc
G75: Hà Nội, ngày …. tháng …. năm 2026
A77: GIẤY ĐỀ NGHỊ THANH TOÁN
A79: Kính gửi: CÔNG TY TNHH XÂY DỰNG VIỆT PANEL
A80: Công ty Cổ phần Tập đoàn Thiết bị xây dựng TP xin gửi tới Quý Công ty lời chào trân trọng và hợp tác.
A81: =+ĐCCN!$A$7 -> - Căn cứ Hợp đồng kinh tế số 0412/HĐKT2025/TP-VIETPANEL ký ngày 04/12/2025 giữa Công ty TNHH xây dựng Việt Panel và Công ty Cổ phần Tập đoàn Thiết bị xây dựng TP về việc cho thuê thiết bị xây dựng.
A82: - Căn cứ Biên bản đối chiếu giá trị thuê thiết bị tháng 03/2026;
B83: - Giá trị đề nghị thanh toán trong kỳ: | E83: =+'Giá trị'!J460 -> 1284088006 | F83: đồng.
A84: =$A$13 -> Bằng chữ: | B84: ='Giá trị'!B461 -> Một tỷ, hai trăm tám mươi tư triệu, không trăm tám mươi tám nghìn, không trăm linh sáu đồng./.
A85: Công ty Cổ phần Tập đoàn Thiết bị xây dựng TP kính đề nghị Quý công ty thanh toán số tiền trên cho chúng tôi theo thông tin dưới đây:
B86: - Đơn vị thụ hưởng: | D86: Công ty Cổ phần Tập đoàn Thiết bị Xây dựng TP
B87: - Địa chỉ: | D87: Thôn Trung, Xã Ô Diên, Thành phố Hà Nội
B88: - Tài khoản số: | D88: 8331100096008, tại Ngân hàng Thương mại cổ phần Quân đội - Chi nhánh Hoàng Quốc Việt
A89: Xin trân trọng cảm ơn!
E90: CÔNG TY CỔ PHẦN TẬP ĐOÀN THIẾT BỊ XÂY DỰNG TP
A97: CÔNG TY CỔ PHẦN TẬP ĐOÀN THIẾT BỊ XÂY DỰNG TP | D97: CỘNG HOÀ XÃ HỘI CHỦ NGHĨA VIỆT NAM
D98: Độc lập - Tự do - Hạnh phúc
G100: Hà Nội, ngày …. tháng …. năm 2026
A102: GIẤY ĐỀ NGHỊ THANH TOÁN
A104: Kính gửi: CÔNG TY TNHH XÂY DỰNG VIỆT PANEL
A105: Công ty Cổ phần Tập đoàn Thiết bị xây dựng TP xin gửi tới Quý Công ty lời chào trân trọng và hợp tác.
A106: =+ĐCCN!$A$7 -> - Căn cứ Hợp đồng kinh tế số 0412/HĐKT2025/TP-VIETPANEL ký ngày 04/12/2025 giữa Công ty TNHH xây dựng Việt Panel và Công ty Cổ phần Tập đoàn Thiết bị xây dựng TP về việc cho thuê thiết bị xây dựng.
A107: - Căn cứ Biên bản đối chiếu giá trị thuê thiết bị tháng 04/2026;
B108: - Giá trị đề nghị thanh toán trong kỳ: | E108: =+'Giá trị'!J522 -> 1426564386 | F108: đồng.
A109: =$A$13 -> Bằng chữ: | B109: ='Giá trị'!B523 -> Một tỷ, bốn trăm hai mươi sáu triệu, năm trăm sáu mươi tư nghìn, ba trăm tám mươi sáu đồng./.
A110: Công ty Cổ phần Tập đoàn Thiết bị xây dựng TP kính đề nghị Quý công ty thanh toán số tiền trên cho chúng tôi theo thông tin dưới đây:
B111: - Đơn vị thụ hưởng: | D111: Công ty Cổ phần Tập đoàn Thiết bị Xây dựng TP
B112: - Địa chỉ: | D112: Thôn Trung, Xã Ô Diên, Thành phố Hà Nội
B113: - Tài khoản số: | D113: 8331100096008, tại Ngân hàng Thương mại cổ phần Quân đội - Chi nhánh Hoàng Quốc Việt
A114: Xin trân trọng cảm ơn!
E115: CÔNG TY CỔ PHẦN TẬP ĐOÀN THIẾT BỊ XÂY DỰNG TP
A121: CÔNG TY CỔ PHẦN TẬP ĐOÀN THIẾT BỊ XÂY DỰNG TP | D121: CỘNG HOÀ XÃ HỘI CHỦ NGHĨA VIỆT NAM
D122: Độc lập - Tự do - Hạnh phúc
G124: Hà Nội, ngày …. tháng …. năm 2026
A126: GIẤY ĐỀ NGHỊ THANH TOÁN
A128: Kính gửi: CÔNG TY TNHH XÂY DỰNG VIỆT PANEL
A129: Công ty Cổ phần Tập đoàn Thiết bị xây dựng TP xin gửi tới Quý Công ty lời chào trân trọng và hợp tác.
A130: =+ĐCCN!$A$7 -> - Căn cứ Hợp đồng kinh tế số 0412/HĐKT2025/TP-VIETPANEL ký ngày 04/12/2025 giữa Công ty TNHH xây dựng Việt Panel và Công ty Cổ phần Tập đoàn Thiết bị xây dựng TP về việc cho thuê thiết bị xây dựng.
A131: - Căn cứ Biên bản đối chiếu giá trị thuê thiết bị tháng 05/2026;
B132: - Giá trị đề nghị thanh toán trong kỳ: | E132: =+'Giá trị'!J625 -> 1325047770 | F132: đồng.
A133: =$A$13 -> Bằng chữ: | B133: ='Giá trị'!B626 -> Một tỷ, ba trăm hai mươi lăm triệu, không trăm bốn mươi bảy nghìn, bảy trăm bảy mươi đồng./.
A134: Công ty Cổ phần Tập đoàn Thiết bị xây dựng TP kính đề nghị Quý công ty thanh toán số tiền trên cho chúng tôi theo thông tin dưới đây:
B135: - Đơn vị thụ hưởng: | D135: Công ty Cổ phần Tập đoàn Thiết bị Xây dựng TP
B136: - Địa chỉ: | D136: Thôn Trung, Xã Ô Diên, Thành phố Hà Nội
B137: - Tài khoản số: | D137: 8331100096008, tại Ngân hàng Thương mại cổ phần Quân đội - Chi nhánh Hoàng Quốc Việt
A138: Xin trân trọng cảm ơn!
E139: CÔNG TY CỔ PHẦN TẬP ĐOÀN THIẾT BỊ XÂY DỰNG TP
A145: CÔNG TY CỔ PHẦN TẬP ĐOÀN THIẾT BỊ XÂY DỰNG TP | D145: CỘNG HOÀ XÃ HỘI CHỦ NGHĨA VIỆT NAM
D146: Độc lập - Tự do - Hạnh phúc
G148: Hà Nội, ngày …. tháng …. năm 2026
A150: GIẤY ĐỀ NGHỊ THANH TOÁN
...

Sheet ĐCCN
A1: CỘNG HÒA XÃ HỘI CHỦ NGHĨA VIỆT NAM
A2: Độc lập - Tự do - Hạnh phúc
A4: BIÊN BẢN ĐỐI CHIẾU CÔNG NỢ
A5: Tháng 11/2025
A7: - Căn cứ Hợp đồng kinh tế số 0412/HĐKT2025/TP-VIETPANEL ký ngày 04/12/2025 giữa Công ty TNHH xây dựng Việt Panel và Công ty Cổ phần Tập đoàn Thiết bị xây dựng TP về việc cho thuê thiết bị xây dựng.
A8: BÊN THUÊ (BÊN A): CÔNG TY TNHH XÂY DỰNG VIỆT PANEL
A9: Địa chỉ: | C9: Thôn Đông Phù, Xã Tiên Du, Tỉnh Bắc Ninh, Việt Nam
A10: Điện thoại: | C10: 0222 6535 699
A11: Tài khoản ngân hàng số: | C11: 616139999 | E11: Tại MB Ngân hàng quân đội
A12: Mã số thuế: | C12: 2300856941
A13: Người đại diện: | C13: Ông Lưu Đình Cải | E13: Chức vụ: Giám đốc
A15: BÊN CHO THUÊ (BÊN B): CÔNG TY CỔ PHẦN TẬP ĐOÀN THIẾT BỊ XÂY DỰNG TP
A16: Địa chỉ: | C16: Thôn Trung, xã Ô Diên, Thành phố Hà Nội, Việt Nam
A17: Điện thoại: | C17: 02433250143
A18: Tài khoản ngân hàng số: | C18: 8331100096008 | E18: Tại Ngân hàng Thương mại cổ phần Quân đội - Chi nhánh Hoàng Quốc Việt
A19: Mã số thuế: | C19: 0105204346
A20: Người đại diện: | C20: Ông Hữu Minh Tiến | E20: Chức vụ: Phó Tổng giám đốc
A22: Hai bên cùng nhau đối chiếu công nợ tiền thuê thiết bị dự án Senci, KCN Phúc Điền, Hải Dương như sau:
A23: STT | B23: Nội dung | G23: Giá trị (vnđ)
A24: 1 | B24: Giá trị bên A đã tạm ứng cho bên B | G24: 1255054014
A25: 2 | B25: Giá trị bên A nợ bên B đầu kỳ
A26: 3 | B26: Giá trị tiền thuê phát sinh tháng 12/2025 | G26: ='Giá trị'!J105 -> 30768025
A27: 4 | B27: Giá trị bên A thanh toán cho bên B trong kỳ | G27: 0
A28: 5 | B28: Giá trị bên A nợ bên B cuối kỳ | G28: =G25+G26-G27 -> 30768025
A29: Bằng chữ: | B29: ='Giá trị'!B106 -> Ba mươi triệu, bảy trăm sáu mươi tám nghìn, không trăm hai mươi lăm đồng./.
A31: ĐẠI DIỆN BÊN THUÊ | E31: ĐẠI DIỆN BÊN CHO THUÊ
A34: CỘNG HÒA XÃ HỘI CHỦ NGHĨA VIỆT NAM
A35: Độc lập - Tự do - Hạnh phúc
A37: BIÊN BẢN ĐỐI CHIẾU CÔNG NỢ
A38: Tháng 01/2026
A40: - Căn cứ Hợp đồng kinh tế số 0412/HĐKT2025/TP-VIETPANEL ký ngày 04/12/2025 giữa Công ty TNHH xây dựng Việt Panel và Công ty Cổ phần Tập đoàn Thiết bị xây dựng TP về việc cho thuê thiết bị xây dựng.
A41: BÊN THUÊ (BÊN A): CÔNG TY TNHH XÂY DỰNG VIỆT PANEL
A42: Địa chỉ: | C42: Thôn Đông Phù, Xã Tiên Du, Tỉnh Bắc Ninh, Việt Nam
A43: Điện thoại: | C43: 0222 6535 699
A44: Tài khoản ngân hàng số: | C44: 616139999 | E44: Tại MB Ngân hàng quân đội
A45: Mã số thuế: | C45: 2300856941
A46: Người đại diện: | C46: Ông Lưu Đình Cải | E46: Chức vụ: Giám đốc
A48: BÊN CHO THUÊ (BÊN B): CÔNG TY CỔ PHẦN TẬP ĐOÀN THIẾT BỊ XÂY DỰNG TP
A49: Địa chỉ: | C49: Thôn Trung, xã Ô Diên, Thành phố Hà Nội, Việt Nam
A50: Điện thoại: | C50: 02433250143
A51: Tài khoản ngân hàng số: | C51: 8331100096008 | E51: Tại Ngân hàng Thương mại cổ phần Quân đội - Chi nhánh Hoàng Quốc Việt
A52: Mã số thuế: | C52: 0105204346
A53: Người đại diện: | C53: Ông Hữu Minh Tiến | E53: Chức vụ: Phó Tổng giám đốc
A55: Hai bên cùng nhau đối chiếu công nợ tiền thuê thiết bị dự án Senci, KCN Phúc Điền, Hải Dương như sau:
A56: STT | B56: Nội dung | G56: Giá trị (vnđ)
A57: 1 | B57: Giá trị bên A đã tạm ứng cho bên B | G57: 1255054014
A58: 2 | B58: Giá trị bên A nợ bên B đầu kỳ | G58: =+G28 -> 30768025
A59: 3 | B59: Giá trị tiền thuê phát sinh tháng 01/2026 | G59: =+'Giá trị'!J296 -> 884490707
A60: 4 | B60: Giá trị bên A thanh toán cho bên B trong kỳ | G60: 0
A61: 5 | B61: Giá trị bên A nợ bên B cuối kỳ | G61: =G58+G59-G60 -> 915258732
A62: Bằng chữ: | B62: Chín trăm mười lăm triệu, hai trăm năm mươi tám nghìn, bảy trăm ba mươi hai đồng./.
A64: ĐẠI DIỆN BÊN THUÊ | E64: ĐẠI DIỆN BÊN CHO THUÊ
A68: CỘNG HÒA XÃ HỘI CHỦ NGHĨA VIỆT NAM
A69: Độc lập - Tự do - Hạnh phúc
A71: BIÊN BẢN ĐỐI CHIẾU CÔNG NỢ
A72: Tháng 02/2026
A74: - Căn cứ Hợp đồng kinh tế số 0412/HĐKT2025/TP-VIETPANEL ký ngày 04/12/2025 giữa Công ty TNHH xây dựng Việt Panel và Công ty Cổ phần Tập đoàn Thiết bị xây dựng TP về việc cho thuê thiết bị xây dựng.
A75: BÊN THUÊ (BÊN A): CÔNG TY TNHH XÂY DỰNG VIỆT PANEL
A76: Địa chỉ: | C76: Thôn Đông Phù, Xã Tiên Du, Tỉnh Bắc Ninh, Việt Nam
A77: Điện thoại: | C77: 0222 6535 699
A78: Tài khoản ngân hàng số: | C78: 616139999 | E78: Tại MB Ngân hàng quân đội
A79: Mã số thuế: | C79: 2300856941
A80: Người đại diện: | C80: Ông Lưu Đình Cải | E80: Chức vụ: Giám đốc
A82: BÊN CHO THUÊ (BÊN B): CÔNG TY CỔ PHẦN TẬP ĐOÀN THIẾT BỊ XÂY DỰNG TP
A83: Địa chỉ: | C83: Thôn Trung, xã Ô Diên, Thành phố Hà Nội, Việt Nam
A84: Điện thoại: | C84: 02433250143
A85: Tài khoản ngân hàng số: | C85: 8331100096008 | E85: Tại Ngân hàng Thương mại cổ phần Quân đội - Chi nhánh Hoàng Quốc Việt
A86: Mã số thuế: | C86: 0105204346
A87: Người đại diện: | C87: Ông Hữu Minh Tiến | E87: Chức vụ: Phó Tổng giám đốc
A89: Hai bên cùng nhau đối chiếu công nợ tiền thuê thiết bị dự án Senci, KCN Phúc Điền, Hải Dương như sau:
A90: STT | B90: Nội dung | G90: Giá trị (vnđ)
A91: 1 | B91: Giá trị bên A đã tạm ứng cho bên B | G91: 1255054014
A92: 2 | B92: Giá trị bên A nợ bên B đầu kỳ | G92: =+G61 -> 915258732
A93: 3 | B93: Giá trị tiền thuê phát sinh tháng 02/2026 | G93: =+'Giá trị'!J390 -> 658759883
A94: 4 | B94: Giá trị bên A thanh toán cho bên B trong kỳ | G94: 30768025
A95: 5 | B95: Giá trị bên A nợ bên B cuối kỳ | G95: =G92+G93-G94 -> 1543250590
A96: Bằng chữ: | B96: Một tỷ, năm trăm bốn mươi ba triệu, hai trăm năm mươi nghìn, năm trăm chín mươi đồng./.
A98: ĐẠI DIỆN BÊN THUÊ | E98: ĐẠI DIỆN BÊN CHO THUÊ
A103: CỘNG HÒA XÃ HỘI CHỦ NGHĨA VIỆT NAM
A104: Độc lập - Tự do - Hạnh phúc
A106: BIÊN BẢN ĐỐI CHIẾU CÔNG NỢ
A107: Tháng 03/2026
A109: - Căn cứ Hợp đồng kinh tế số 0412/HĐKT2025/TP-VIETPANEL ký ngày 04/12/2025 giữa Công ty TNHH xây dựng Việt Panel và Công ty Cổ phần Tập đoàn Thiết bị xây dựng TP về việc cho thuê thiết bị xây dựng.
A110: BÊN THUÊ (BÊN A): CÔNG TY TNHH XÂY DỰNG VIỆT PANEL
A111: Địa chỉ: | C111: Thôn Đông Phù, Xã Tiên Du, Tỉnh Bắc Ninh, Việt Nam
A112: Điện thoại: | C112: 0222 6535 699
A113: Tài khoản ngân hàng số: | C113: 616139999 | E113: Tại MB Ngân hàng quân đội
A114: Mã số thuế: | C114: 2300856941
A115: Người đại diện: | C115: Ông Lưu Đình Cải | E115: Chức vụ: Giám đốc
A117: BÊN CHO THUÊ (BÊN B): CÔNG TY CỔ PHẦN TẬP ĐOÀN THIẾT BỊ XÂY DỰNG TP
A118: Địa chỉ: | C118: Thôn Trung, xã Ô Diên, Thành phố Hà Nội, Việt Nam
A119: Điện thoại: | C119: 02433250143
A120: Tài khoản ngân hàng số: | C120: 8331100096008 | E120: Tại Ngân hàng Thương mại cổ phần Quân đội - Chi nhánh Hoàng Quốc Việt
A121: Mã số thuế: | C121: 0105204346
A122: Người đại diện: | C122: Ông Hữu Minh Tiến | E122: Chức vụ: Phó Tổng giám đốc
A124: Hai bên cùng nhau đối chiếu công nợ tiền thuê thiết bị dự án Senci, KCN Phúc Điền, Hải Dương như sau:
A125: STT | B125: Nội dung | G125: Giá trị (vnđ)
A126: 1 | B126: Giá trị bên A đã tạm ứng cho bên B | G126: 1255054014
A127: 2 | B127: Giá trị bên A nợ bên B đầu kỳ | G127: =+G95 -> 1543250590
A128: 3 | B128: Giá trị tiền thuê phát sinh tháng 03/2026 | G128: =+'Giá trị'!J460 -> 1284088006
...

Sheet Giá trị
A1: CỘNG HÒA XÃ HỘI CHỦ NGHĨA VIỆT NAM
A2: Độc lập - Tự do - Hạnh phúc
A4: BIÊN BẢN ĐỐI CHIẾU GIÁ TRỊ THUÊ THIẾT BỊ
A5: =+"Tháng "&MONTH(L6)&"/2025" -> Tháng 12/2025 | L5: 45992
L6: 46022
A7: =ĐCCN!$A$7 -> - Căn cứ Hợp đồng kinh tế số 0412/HĐKT2025/TP-VIETPANEL ký ngày 04/12/2025 giữa Công ty TNHH xây dựng Việt Panel và Công ty Cổ phần Tập đoàn Thiết bị xây dựng TP về việc cho thuê thiết bị xây dựng.
A8: - Dự án: | B8: Senci
A9: - Địa chỉ: | B9: KCN Phúc Điền, Hải Dương
A10: - Căn cứ Biên bản đối chiếu khối lượng thuê thiết bị tháng 12/2025
A11: Hôm nay, ngày ……tháng……năm 2025, chúng tôi gồm:
A12: =ĐCCN!A8 -> BÊN THUÊ (BÊN A): CÔNG TY TNHH XÂY DỰNG VIỆT PANEL
A13: Địa chỉ: | B13: =ĐCCN!$C$9 -> Thôn Đông Phù, Xã Tiên Du, Tỉnh Bắc Ninh, Việt Nam
A14: Điện thoại: | C14: =ĐCCN!$C$10 -> 0222 6535 699
A15: Tài khoản ngân hàng số: | C15: =ĐCCN!$C$11 -> 616139999 | E15: =ĐCCN!$E$11 -> Tại MB Ngân hàng quân đội
A16: Mã số thuế: | C16: =ĐCCN!$C$12 -> 2300856941
A17: Người đại diện: | C17: =ĐCCN!$C$13 -> Ông Lưu Đình Cải | E17: =ĐCCN!$E$13 -> Chức vụ: Giám đốc
A19: BÊN CHO THUÊ (BÊN B): CÔNG TY CỔ PHẦN TẬP ĐOÀN THIẾT BỊ XÂY DỰNG TP
A20: Địa chỉ: Thôn Trung, xã Ô Diên, Thành phố Hà Nội, Việt Nam
A21: Điện thoại: | C21: 02433250143
A22: Tài khoản ngân hàng số: | C22: =ĐCCN!C18 -> 8331100096008 | E22: =ĐCCN!E18 -> Tại Ngân hàng Thương mại cổ phần Quân đội - Chi nhánh Hoàng Quốc Việt
A23: Mã số thuế: | C23: 0105204346
A24: Người đại diện: | C24: Ông Hữu Minh Tiến | E24: Chức vụ: Phó Tổng giám đốc
A26: Hai bên đối chiếu xác nhận giá trị thuê thiết bị từ ngày 20/12/2025 đến ngày 25/12/2025 như sau:
A28: STT | B28: Tên thiết bị | C28: Đơn vị tính | D28: Ngày nhận/trả trên phiếu | E28: Ngày tính thời gian | F28: Số lượng tồn đầu kỳ | G28: Số lượng phát sinh trong kỳ nhận (+) trả (-) | H28: Thời gian thuê | I28: Đơn giá thuê (vnđ/cái) | J28: Thành tiền thuê | K28: Ghi chú
A29: =ROMAN(1,0) -> I | B29: Thiết bị vật tư | J29: =SUBTOTAL(9,J30:J99) -> 28488912 | M29: =+J33+J37+J40+J52+J59+J66+J83 -> 25198912
A30: 1 | B30: Giáo ringlock 1.0m Kẽm | C30: Cây | D30: 46015 | E30: 46016 | G30: 1300 | H30: =E30-D30+1 -> 2 | I30: 85 | J30: =+I30*H30*G30 -> 221000 | K30: 46015
B31: Giáo ringlock 1.0m Kẽm | C31: Cây | D31: 46016 | E31: 46016 | G31: 1600 | H31: =E31-D31+1 -> 1 | I31: 85 | J31: =+I31*H31*G31 -> 136000 | K31: 46016
B32: Giáo ringlock 1.0m Kẽm | C32: Cây | D32: 46016 | E32: 46016 | G32: 1600 | H32: =E32-D32+1 -> 1 | I32: 85 | J32: =+I32*H32*G32 -> 136000 | K32: 46016
B33: Cộng | G33: =SUM(G30:G32) -> 4500 | J33: =+SUBTOTAL(109,J30:J32) -> 493000
A34: 2 | B34: Giáo ringlock 1.5m Kẽm | C34: Cây | D34: 46011 | E34: 46016 | G34: 700 | H34: =E34-D34+1 -> 6 | I34: 125 | J34: =+I34*H34*G34 -> 525000 | K34: 46011
B35: Giáo ringlock 1.5m Kẽm | C35: Cây | D35: 46016 | E35: 46016 | G35: 1600 | H35: =E35-D35+1 -> 1 | I35: 125 | J35: =+I35*H35*G35 -> 200000 | K35: 46016
B36: Giáo ringlock 1.5m Kẽm | C36: Cây | D36: 46016 | E36: 46016 | G36: 1600 | H36: =E36-D36+1 -> 1 | I36: 125 | J36: =+I36*H36*G36 -> 200000 | K36: 46016
B37: Cộng | G37: =SUM(G34:G36) -> 3900 | J37: =+SUBTOTAL(109,J34:J36) -> 925000
A38: 3 | B38: Giáo ringlock 2.0m Kẽm | C38: Cây | D38: 46011 | E38: 46016 | G38: 700 | H38: =E38-D38+1 -> 6 | I38: 159 | J38: =+I38*H38*G38 -> 667800 | K38: 46011 | L38: Giằng chéo ringlock 1610mm
B39: Giáo ringlock 2.0m Kẽm | C39: Cây | D39: 46015 | E39: 46016 | G39: 400 | H39: =E39-D39+1 -> 2 | I39: 159 | J39: =+I39*H39*G39 -> 127200 | K39: 46015
B40: Cộng | G40: =SUM(G38:G39) -> 1100 | J40: =+SUBTOTAL(109,J38:J39) -> 795000
A41: 4 | B41: Giáo ringlock 2.5m Kẽm | C41: Cây | D41: 46012 | E41: 46016 | G41: 1000 | H41: =E41-D41+1 -> 5 | I41: 185 | J41: =+I41*H41*G41 -> 925000 | K41: 46012 | L41: Giằng chéo ringlock 1870mm
B42: Giáo ringlock 2.5m Kẽm | C42: Cây | D42: 46013 | E42: 46016 | G42: 2200 | H42: =E42-D42+1 -> 4 | I42: 185 | J42: =+I42*H42*G42 -> 1628000 | K42: 46013
B43: Giáo ringlock 2.5m Kẽm | C43: Cây | D43: 46013 | E43: 46016 | G43: 1100 | H43: =E43-D43+1 -> 4 | I43: 185 | J43: =+I43*H43*G43 -> 814000 | K43: 46013
B44: Giáo ringlock 2.5m Kẽm | C44: Cây | D44: 46013 | E44: 46016 | G44: 2200 | H44: =E44-D44+1 -> 4 | I44: 185 | J44: =+I44*H44*G44 -> 1628000 | K44: 46013
B45: Giáo ringlock 2.5m Kẽm | C45: Cây | D45: 46014 | E45: 46016 | G45: 1400 | H45: =E45-D45+1 -> 3 | I45: 185 | J45: =+I45*H45*G45 -> 777000 | K45: 46014
B46: Giáo ringlock 2.5m Kẽm | C46: Cây | D46: 46015 | E46: 46016 | G46: 1000 | H46: =E46-D46+1 -> 2 | I46: 185 | J46: =+I46*H46*G46 -> 370000 | K46: 46015
B47: Giáo ringlock 2.5m Kẽm | C47: Cây | D47: 46015 | E47: 46016 | G47: 1200 | H47: =E47-D47+1 -> 2 | I47: 185 | J47: =+I47*H47*G47 -> 444000 | K47: 46015
B48: Giáo ringlock 2.5m Kẽm | C48: Cây | D48: 46015 | E48: 46016 | G48: 500 | H48: =E48-D48+1 -> 2 | I48: 185 | J48: =+I48*H48*G48 -> 185000 | K48: 46015
B49: Giáo ringlock 2.5m Kẽm | C49: Cây | D49: 46016 | E49: 46016 | G49: 1800 | H49: =E49-D49+1 -> 1 | I49: 185 | J49: =+I49*H49*G49 -> 333000 | K49: 46016
B50: Giáo ringlock 2.5m Kẽm | C50: Cây | D50: 46016 | E50: 46016 | G50: 1200 | H50: =E50-D50+1 -> 1 | I50: 185 | J50: =+I50*H50*G50 -> 222000 | K50: 46016
B51: Giáo ringlock 2.5m Kẽm | C51: Cây | D51: 46016 | E51: 46016 | G51: 2576 | H51: =E51-D51+1 -> 1 | I51: 185 | J51: =+I51*H51*G51 -> 476560 | K51: 46016
B52: Cộng | G52: =SUM(G41:G51) -> 16176 | J52: =+SUBTOTAL(109,J41:J51) -> 7802560
A53: 5 | B53: Giằng ngang ringlock 0.6m | C53: Cái | D53: 46011 | E53: 46016 | G53: 500 | H53: =E53-D53+1 -> 6 | I53: 43 | J53: =+I53*H53*G53 -> 129000 | K53: 46011
B54: Giằng ngang ringlock 0.6m | C54: Cái | D54: 46012 | E54: 46016 | G54: 3000 | H54: =E54-D54+1 -> 5 | I54: 43 | J54: =+I54*H54*G54 -> 645000 | K54: 46012
B55: Giằng ngang ringlock 0.6m | C55: Cái | D55: 46013 | E55: 46016 | G55: 3000 | H55: =E55-D55+1 -> 4 | I55: 43 | J55: =+I55*H55*G55 -> 516000 | K55: 46013
B56: Giằng ngang ringlock 0.6m | C56: Cái | D56: 46015 | E56: 46016 | G56: 6000 | H56: =E56-D56+1 -> 2 | I56: 43 | J56: =+I56*H56*G56 -> 516000 | K56: 46015
B57: Giằng ngang ringlock 0.6m | C57: Cái | D57: 46016 | E57: 46016 | G57: 2000 | H57: =E57-D57+1 -> 1 | I57: 43 | J57: =+I57*H57*G57 -> 86000 | K57: 46016
B58: Giằng ngang ringlock 0.6m | C58: Cái | D58: 46016 | E58: 46016 | G58: 2000 | H58: =E58-D58+1 -> 1 | I58: 43 | J58: =+I58*H58*G58 -> 86000 | K58: 46016
B59: Cộng | G59: =SUM(G53:G58) -> 16500 | J59: =+SUBTOTAL(109,J53:J58) -> 1978000
A60: 6 | B60: Giằng ngang ringlock 0.9m | C60: Cái | D60: 46011 | E60: 46016 | G60: 400 | H60: =E60-D60+1 -> 6 | I60: 55 | J60: =+I60*H60*G60 -> 132000 | K60: 46011
B61: Giằng ngang ringlock 0.9m | C61: Cái | D61: 46012 | E61: 46016 | G61: 1200 | H61: =E61-D61+1 -> 5 | I61: 55 | J61: =+I61*H61*G61 -> 330000 | K61: 46012
B62: Giằng ngang ringlock 0.9m | C62: Cái | D62: 46013 | E62: 46016 | G62: 800 | H62: =E62-D62+1 -> 4 | I62: 55 | J62: =+I62*H62*G62 -> 176000 | K62: 46013
B63: Giằng ngang ringlock 0.9m | C63: Cái | D63: 46015 | E63: 46016 | G63: 4800 | H63: =E63-D63+1 -> 2 | I63: 55 | J63: =+I63*H63*G63 -> 528000 | K63: 46015
B64: Giằng ngang ringlock 0.9m | C64: Cái | D64: 46015 | E64: 46016 | G64: 3600 | H64: =E64-D64+1 -> 2 | I64: 55 | J64: =+I64*H64*G64 -> 396000 | K64: 46015
B65: Giằng ngang ringlock 0.9m | C65: Cái | D65: 46016 | E65: 46016 | G65: 360 | H65: =E65-D65+1 -> 1 | I65: 55 | J65: =+I65*H65*G65 -> 19800 | K65: 46016
B66: Cộng | G66: =SUM(G60:G65) -> 11160 | J66: =+SUBTOTAL(109,J60:J65) -> 1581800
A67: 7 | B67: Giằng ngang ringlock 1.2m | C67: Cái | D67: 46011 | E67: 46016 | G67: 4620 | H67: =E67-D67+1 -> 6 | I67: 71 | J67: =+I67*H67*G67 -> 1968120 | K67: 46011
B68: Giằng ngang ringlock 1.2m | C68: Cái | D68: 46012 | E68: 46016 | G68: 3696 | H68: =E68-D68+1 -> 5 | I68: 71 | J68: =+I68*H68*G68 -> 1312080 | K68: 46012
B69: Giằng ngang ringlock 1.2m | C69: Cái | D69: 46013 | E69: 46016 | G69: 3696 | H69: =E69-D69+1 -> 4 | I69: 71 | J69: =+I69*H69*G69 -> 1049664 | K69: 46013
B70: Giằng ngang ringlock 1.2m | C70: Cái | D70: 46013 | E70: 46016 | G70: 3696 | H70: =E70-D70+1 -> 4 | I70: 71 | J70: =+I70*H70*G70 -> 1049664 | K70: 46013
B71: Giằng ngang ringlock 1.2m | C71: Cái | D71: 46013 | E71: 46016 | G71: 3695 | H71: =E71-D71+1 -> 4 | I71: 71 | J71: =+I71*H71*G71 -> 1049380 | K71: 46013
B72: Giằng ngang ringlock 1.2m | C72: Cái | D72: 46014 | E72: 46016 | G72: 3696 | H72: =E72-D72+1 -> 3 | I72: 71 | J72: =+I72*H72*G72 -> 787248 | K72: 46014
B73: Giằng ngang ringlock 1.2m | C73: Cái | D73: 46015 | E73: 46016 | G73: 4000 | H73: =E73-D73+1 -> 2 | I73: 71 | J73: =+I73*H73*G73 -> 568000 | K73: 46015
B74: Giằng ngang ringlock 1.2m nhúng nóng | C74: Cái | D74: 46015 | E74: 46016 | G74: 6600 | H74: =E74-D74+1 -> 2 | I74: 71 | J74: =+I74*H74*G74 -> 937200 | K74: 46015
B75: Giằng ngang ringlock 1.2m nhúng nóng | C75: Cái | D75: 46015 | E75: 46016 | G75: 4620 | H75: =E75-D75+1 -> 2 | I75: 71 | J75: =+I75*H75*G75 -> 656040 | K75: 46015
B76: Giằng ngang ringlock 1.2m | C76: Cái | D76: 46015 | E76: 46016 | G76: 4620 | H76: =E76-D76+1 -> 2 | I76: 71 | J76: =+I76*H76*G76 -> 656040 | K76: 46015
B77: Giằng ngang ringlock 1.2m | C77: Cái | D77: 46015 | E77: 46016 | G77: 3696 | H77: =E77-D77+1 -> 2 | I77: 71 | J77: =+I77*H77*G77 -> 524832 | K77: 46015
B78: Giằng ngang ringlock 1.2m | C78: Cái | D78: 46015 | E78: 46016 | G78: 924 | H78: =E78-D78+1 -> 2 | I78: 71 | J78: =+I78*H78*G78 -> 131208 | K78: 46015
B79: Giằng ngang ringlock 1.2m | C79: Cái | D79: 46016 | E79: 46016 | G79: 1764 | H79: =E79-D79+1 -> 1 | I79: 71 | J79: =+I79*H79*G79 -> 125244 | K79: 46016
... B82: Giằng ngang ringlock 1.2m | C82: Cái | D82: 46016 | E82: 46016 | G82: 3696 | H82: =E82-D82+1 -> 1 | I82: 71 | J82: =+I82*H82*G82 -> 262416 | K82: 46016
B83: Cộng | G83: =SUM(G67:G82) -> 60715 | J83: =+SUBTOTAL(109,J67:J82) -> 11623552
A84: 8 | B84: Kích U Ø38*(3,0ly - 4,5ly), L=600mm | C84: Cái | D84: 46012 | E84: 46016 | G84: 750 | H84: =E84-D84+1 -> 5 | I84: 70 | J84: =+I84*H84*G84 -> 262500 | K84: 46012
B85: Kích U Ø38*(3,0ly - 4,5ly), L=600mm | C85: Cái | D85: 46013 | E85: 46016 | G85: 750 | H85: =E85-D85+1 -> 4 | I85: 70 | J85: =+I85*H85*G85 -> 210000 | K85: 46013
B86: Kích U Ø38*(3,0ly - 4,5ly), L=600mm | C86: Cái | D86: 46014 | E86: 46016 | G86: 1500 | H86: =E86-D86+1 -> 3 | I86: 70 | J86: =+I86*H86*G86 -> 315000 | K86: 46014
B87: Kích U Ø38*(3,0ly - 4,5ly), L=600mm | C87: Cái | D87: 46015 | E87: 46016 | G87: 1500 | H87: =E87-D87+1 -> 2 | I87: 70 | J87: =+I87*H87*G87 -> 210000 | K87: 46015
B88: Kích U Ø38*(3,0ly - 4,5ly), L=600mm | C88: Cái | D88: 46015 | E88: 46016 | G88: 750 | H88: =E88-D88+1 -> 2 | I88: 70 | J88: =+I88*H88*G88 -> 105000 | K88: 46015
B89: Kích U Ø38*(3,0ly - 4,5ly), L=600mm | C89: Cái | D89: 46015 | E89: 46016 | G89: 1650 | H89: =E89-D89+1 -> 2 | I89: 70 | J89: =+I89*H89*G89 -> 231000 | K89: 46015
B90: Kích U Ø38*(3,0ly - 4,5ly), L=600mm | C90: Cái | D90: 46016 | E90: 46016 | G90: 1500 | H90: =E90-D90+1 -> 1 | I90: 70 | J90: =+I90*H90*G90 -> 105000 | K90: 46016
B91: Cộng | G91: =SUM(G84:G90) -> 8400 | J91: =+SUBTOTAL(109,J84:J90) -> 1438500
A92: 9 | B92: Kích chân Ø38*(3,0ly - 4,5ly), L=600mm | C92: Cái | D92: 46012 | E92: 46016 | G92: 750 | H92: =E92-D92+1 -> 5 | I92: 70 | J92: =+I92*H92*G92 -> 262500 | K92: 46012
B93: Kích chân Ø38*(3,0ly - 4,5ly), L=600mm | C93: Cái | D93: 46013 | E93: 46016 | G93: 750 | H93: =E93-D93+1 -> 4 | I93: 70 | J93: =+I93*H93*G93 -> 210000 | K93: 46013
B94: Kích chân Ø38*(3,0ly - 4,5ly), L=600mm | C94: Cái | D94: 46014 | E94: 46016 | G94: 1500 | H94: =E94-D94+1 -> 3 | I94: 70 | J94: =+I94*H94*G94 -> 315000 | K94: 46014
B95: Kích chân Ø38*(3,0ly - 4,5ly), L=600mm | C95: Cái | D95: 46015 | E95: 46016 | G95: 1500 | H95: =E95-D95+1 -> 2 | I95: 70 | J95: =+I95*H95*G95 -> 210000 | K95: 46015
B96: Kích chân Ø38*(3,0ly - 4,5ly), L=600mm | C96: Cái | D96: 46015 | E96: 46016 | G96: 3000 | H96: =E96-D96+1 -> 2 | I96: 70 | J96: =+I96*H96*G96 -> 420000 | K96: 46015
B97: Kích chân Ø38*(3,0ly - 4,5ly), L=600mm | C97: Cái | D97: 46015 | E97: 46016 | G97: 2350 | H97: =E97-D97+1 -> 2 | I97: 70 | J97: =+I97*H97*G97 -> 329000 | K97: 46015
B98: Kích chân Ø38*(3,0ly - 4,5ly), L=600mm | C98: Cái | D98: 46016 | E98: 46016 | G98: 1500 | H98: =E98-D98+1 -> 1 | I98: 70 | J98: =+I98*H98*G98 -> 105000 | K98: 46016
B99: Cộng | G99: =SUM(G92:G98) -> 11350 | J99: =+SUBTOTAL(109,J92:J98) -> 1851500 | L99: =+G99+G91+G83+G66+G59+G52+G40+G37+G33 -> 133801
A100: =ROMAN(2,0) -> II | B100: Vận chuyển | L100: 133833
A101: 1 | B101: Vận chuyển xe sơ mi 30 tấn | C101: Chuyến | G101: 16 | I101: 5000000 | K101: Tính cuối kỳ | L101: =L100-L99 -> 32 | M101: Palet
A102: 2 | B102: Vận chuyển xe thùng 15 tấn | C102: Chuyến | G102: 1 | I102: 4500000
A103: Tổng tiền thuê tháng 12/2025 | J103: =SUBTOTAL(9,J30:J102) -> 28488912
A104: Tiền thuế GTGT 8% | J104: =ROUND(J103*8%,0) -> 2279113
A105: Tổng tiền thuê đã bao gồm thuế GTGT | J105: =SUM(J103:J104) -> 30768025
A106: Bằng chữ: | B106: Ba mươi triệu, bảy trăm sáu mươi tám nghìn, không trăm hai mươi lăm đồng./.
...

Sheet Khối lượng
A1: CỘNG HÒA XÃ HỘI CHỦ NGHĨA VIỆT NAM
A2: Độc lập - Tự do - Hạnh phúc
A4: BIÊN BẢN ĐỐI CHIẾU KHỐI LƯỢNG THUÊ THIẾT BỊ
A5: Tháng 12/2025
A7: ='Giá trị'!$A$7:$K$7 -> - Căn cứ Hợp đồng kinh tế số 0412/HĐKT2025/TP-VIETPANEL ký ngày 04/12/2025 giữa Công ty TNHH xây dựng Việt Panel và Công ty Cổ phần Tập đoàn Thiết bị xây dựng TP về việc cho thuê thiết bị xây dựng.
A8: - Dự án: | B8: ='Giá trị'!$B$8 -> Senci
A9: - Địa chỉ: | B9: ='Giá trị'!$B$9 -> KCN Phúc Điền, Hải Dương
A10: - Căn cứ tình hình giao nhận thực tế giữa 02 bên.
A11: Hôm nay, ngày ……tháng……năm 2025, chúng tôi gồm:
A12: ='Giá trị'!$A$12 -> BÊN THUÊ (BÊN A): CÔNG TY TNHH XÂY DỰNG VIỆT PANEL
A13: ='Giá trị'!A13 -> Địa chỉ: | B13: ='Giá trị'!$B$13 -> Thôn Đông Phù, Xã Tiên Du, Tỉnh Bắc Ninh, Việt Nam
A14: Điện thoại: | C14: ='Giá trị'!$C$14:$D$14 -> 0222 6535 699
A15: Tài khoản ngân hàng số: | C15: ='Giá trị'!$C$15:$D$15 -> 616139999 | E15: ='Giá trị'!$E$15 -> Tại MB Ngân hàng quân đội
A16: Mã số thuế: | C16: ='Giá trị'!$C$16:$D$16 -> 2300856941
A17: Người đại diện: | C17: ='Giá trị'!$C$17 -> Ông Lưu Đình Cải | E17: ='Giá trị'!$E$17 -> Chức vụ: Giám đốc
A19: BÊN CHO THUÊ (BÊN B): CÔNG TY CỔ PHẦN TẬP ĐOÀN THIẾT BỊ XÂY DỰNG TP
A20: Địa chỉ: Thôn Trung, xã Ô Diên, Thành phố Hà Nội, Việt Nam
A21: Điện thoại: | C21: 02433250143
A22: Tài khoản ngân hàng số: | C22: ='Giá trị'!$C$22 -> 8331100096008 | E22: ='Giá trị'!E22:K22 -> Tại Ngân hàng Thương mại cổ phần Quân đội - Chi nhánh Hoàng Quốc Việt
A23: Mã số thuế: | C23: 0105204346
A24: Người đại diện: | C24: Ông Hữu Minh Tiến | E24: Chức vụ: Phó Tổng giám đốc
A26: Hai bên đối chiếu xác nhận khối lượng thuê thiết bị từ ngày 20/12/2025 đến ngày 25/12/2025 như sau:
A27: STT | B27: Tên thiết bị | C27: Đơn vị tính | D27: Ngày nhận/trả trên phiếu | E27: Ngày tính thời gian | F27: Số lượng tồn đầu kỳ | G27: Số lượng phát sinh trong kỳ nhận (+) trả (-) | H27: Thời gian thuê thực tế | I27: Ghi chú
A28: =ROMAN(1,0) -> I | B28: Thiết bị vật tư
A29: 1 | B29: Giáo ringlock 1.0m Kẽm | C29: Cây | D29: 46015 | E29: 46016 | G29: 1300 | H29: =E29-D29+1 -> 2
B30: Giáo ringlock 1.0m Kẽm | C30: Cây | D30: 46016 | E30: 46016 | G30: 1600 | H30: =E30-D30+1 -> 1
B31: Giáo ringlock 1.0m Kẽm | C31: Cây | D31: 46016 | E31: 46016 | G31: 1600 | H31: =E31-D31+1 -> 1
B32: Cộng | G32: =SUM(G29:G31) -> 4500
A33: 2 | B33: Giáo ringlock 1.5m Kẽm | C33: Cây | D33: 46011 | E33: 46016 | G33: 700 | H33: =E33-D33+1 -> 6
B34: Giáo ringlock 1.5m Kẽm | C34: Cây | D34: 46016 | E34: 46016 | G34: 1600 | H34: =E34-D34+1 -> 1
B35: Giáo ringlock 1.5m Kẽm | C35: Cây | D35: 46016 | E35: 46016 | G35: 1600 | H35: =E35-D35+1 -> 1
B36: Cộng | G36: =SUM(G33:G35) -> 3900
A37: 3 | B37: Giáo ringlock 2.0m Kẽm | C37: Cây | D37: 46011 | E37: 46016 | G37: 700 | H37: =E37-D37+1 -> 6
B38: Giáo ringlock 2.0m Kẽm | C38: Cây | D38: 46015 | E38: 46016 | G38: 400 | H38: =E38-D38+1 -> 2
B39: Cộng | G39: =SUM(G37:G38) -> 1100
A40: 4 | B40: Giáo ringlock 2.5m Kẽm | C40: Cây | D40: 46012 | E40: 46016 | G40: 1000 | H40: =E40-D40+1 -> 5
B41: Giáo ringlock 2.5m Kẽm | C41: Cây | D41: 46013 | E41: 46016 | G41: 2200 | H41: =E41-D41+1 -> 4
B42: Giáo ringlock 2.5m Kẽm | C42: Cây | D42: 46013 | E42: 46016 | G42: 1100 | H42: =E42-D42+1 -> 4
B43: Giáo ringlock 2.5m Kẽm | C43: Cây | D43: 46013 | E43: 46016 | G43: 2200 | H43: =E43-D43+1 -> 4
B44: Giáo ringlock 2.5m Kẽm | C44: Cây | D44: 46014 | E44: 46016 | G44: 1400 | H44: =E44-D44+1 -> 3
B45: Giáo ringlock 2.5m Kẽm | C45: Cây | D45: 46015 | E45: 46016 | G45: 1000 | H45: =E45-D45+1 -> 2
B46: Giáo ringlock 2.5m Kẽm | C46: Cây | D46: 46015 | E46: 46016 | G46: 1200 | H46: =E46-D46+1 -> 2
B47: Giáo ringlock 2.5m Kẽm | C47: Cây | D47: 46015 | E47: 46016 | G47: 500 | H47: =E47-D47+1 -> 2
B48: Giáo ringlock 2.5m Kẽm | C48: Cây | D48: 46016 | E48: 46016 | G48: 1800 | H48: =E48-D48+1 -> 1
B49: Giáo ringlock 2.5m Kẽm | C49: Cây | D49: 46016 | E49: 46016 | G49: 1200 | H49: =E49-D49+1 -> 1
B50: Giáo ringlock 2.5m Kẽm | C50: Cây | D50: 46016 | E50: 46016 | G50: 2576 | H50: =E50-D50+1 -> 1
B51: Cộng | G51: =SUM(G40:G50) -> 16176
A52: 5 | B52: Giằng ngang ringlock 0.6m | C52: Cái | D52: 46011 | E52: 46016 | G52: 500 | H52: =E52-D52+1 -> 6
B53: Giằng ngang ringlock 0.6m | C53: Cái | D53: 46012 | E53: 46016 | G53: 3000 | H53: =E53-D53+1 -> 5
B54: Giằng ngang ringlock 0.6m | C54: Cái | D54: 46013 | E54: 46016 | G54: 3000 | H54: =E54-D54+1 -> 4
B55: Giằng ngang ringlock 0.6m | C55: Cái | D55: 46015 | E55: 46016 | G55: 6000 | H55: =E55-D55+1 -> 2
B56: Giằng ngang ringlock 0.6m | C56: Cái | D56: 46016 | E56: 46016 | G56: 2000 | H56: =E56-D56+1 -> 1
B57: Giằng ngang ringlock 0.6m | C57: Cái | D57: 46016 | E57: 46016 | G57: 2000 | H57: =E57-D57+1 -> 1
B58: Cộng | G58: =SUM(G52:G57) -> 16500
A59: 6 | B59: Giằng ngang ringlock 0.9m | C59: Cái | D59: 46011 | E59: 46016 | G59: 400 | H59: =E59-D59+1 -> 6
B60: Giằng ngang ringlock 0.9m | C60: Cái | D60: 46012 | E60: 46016 | G60: 1200 | H60: =E60-D60+1 -> 5
B61: Giằng ngang ringlock 0.9m | C61: Cái | D61: 46013 | E61: 46016 | G61: 800 | H61: =E61-D61+1 -> 4
B62: Giằng ngang ringlock 0.9m | C62: Cái | D62: 46015 | E62: 46016 | G62: 4800 | H62: =E62-D62+1 -> 2
B63: Giằng ngang ringlock 0.9m | C63: Cái | D63: 46015 | E63: 46016 | G63: 3600 | H63: =E63-D63+1 -> 2
B64: Giằng ngang ringlock 0.9m | C64: Cái | D64: 46016 | E64: 46016 | G64: 360 | H64: =E64-D64+1 -> 1
B65: Cộng | G65: =SUM(G59:G64) -> 11160
A66: 7 | B66: Giằng ngang ringlock 1.2m | C66: Cái | D66: 46011 | E66: 46016 | G66: 4620 | H66: =E66-D66+1 -> 6
B67: Giằng ngang ringlock 1.2m | C67: Cái | D67: 46012 | E67: 46016 | G67: 3696 | H67: =E67-D67+1 -> 5
B68: Giằng ngang ringlock 1.2m | C68: Cái | D68: 46013 | E68: 46016 | G68: 3696 | H68: =E68-D68+1 -> 4
B69: Giằng ngang ringlock 1.2m | C69: Cái | D69: 46013 | E69: 46016 | G69: 3696 | H69: =E69-D69+1 -> 4
B70: Giằng ngang ringlock 1.2m | C70: Cái | D70: 46013 | E70: 46016 | G70: 3695 | H70: =E70-D70+1 -> 4
B71: Giằng ngang ringlock 1.2m | C71: Cái | D71: 46014 | E71: 46016 | G71: 3696 | H71: =E71-D71+1 -> 3
B72: Giằng ngang ringlock 1.2m | C72: Cái | D72: 46015 | E72: 46016 | G72: 4000 | H72: =E72-D72+1 -> 2
B73: Giằng ngang ringlock 1.2m nhúng nóng | C73: Cái | D73: 46015 | E73: 46016 | G73: 6600 | H73: =E73-D73+1 -> 2
B74: Giằng ngang ringlock 1.2m nhúng nóng | C74: Cái | D74: 46015 | E74: 46016 | G74: 4620 | H74: =E74-D74+1 -> 2
B75: Giằng ngang ringlock 1.2m | C75: Cái | D75: 46015 | E75: 46016 | G75: 4620 | H75: =E75-D75+1 -> 2
B76: Giằng ngang ringlock 1.2m | C76: Cái | D76: 46015 | E76: 46016 | G76: 3696 | H76: =E76-D76+1 -> 2
B77: Giằng ngang ringlock 1.2m | C77: Cái | D77: 46015 | E77: 46016 | G77: 924 | H77: =E77-D77+1 -> 2
B78: Giằng ngang ringlock 1.2m | C78: Cái | D78: 46016 | E78: 46016 | G78: 1764 | H78: =E78-D78+1 -> 1
... B81: Giằng ngang ringlock 1.2m | C81: Cái | D81: 46016 | E81: 46016 | G81: 3696 | H81: =E81-D81+1 -> 1
B82: Cộng | G82: =SUBTOTAL(9,G66:G81) -> 60715
A83: 8 | B83: Kích U Ø38*(3,0ly - 4,5ly), L=600mm | C83: Cái | D83: 46012 | E83: 46016 | G83: 750 | H83: =E83-D83+1 -> 5
B84: Kích U Ø38*(3,0ly - 4,5ly), L=600mm | C84: Cái | D84: 46013 | E84: 46016 | G84: 750 | H84: =E84-D84+1 -> 4
B85: Kích U Ø38*(3,0ly - 4,5ly), L=600mm | C85: Cái | D85: 46014 | E85: 46016 | G85: 1500 | H85: =E85-D85+1 -> 3
B86: Kích U Ø38*(3,0ly - 4,5ly), L=600mm | C86: Cái | D86: 46015 | E86: 46016 | G86: 1500 | H86: =E86-D86+1 -> 2
B87: Kích U Ø38*(3,0ly - 4,5ly), L=600mm | C87: Cái | D87: 46015 | E87: 46016 | G87: 750 | H87: =E87-D87+1 -> 2
B88: Kích U Ø38*(3,0ly - 4,5ly), L=600mm | C88: Cái | D88: 46015 | E88: 46016 | G88: 1650 | H88: =E88-D88+1 -> 2 | I88: Thuê QM
B89: Kích U Ø38*(3,0ly - 4,5ly), L=600mm | C89: Cái | D89: 46016 | E89: 46016 | G89: 1500 | H89: =E89-D89+1 -> 1
B90: Cộng | G90: =SUM(G83:G89) -> 8400
A91: 9 | B91: Kích chân Ø38*(3,0ly - 4,5ly), L=600mm | C91: Cái | D91: 46012 | E91: 46016 | G91: 750 | H91: =E91-D91+1 -> 5
B92: Kích chân Ø38*(3,0ly - 4,5ly), L=600mm | C92: Cái | D92: 46013 | E92: 46016 | G92: 750 | H92: =E92-D92+1 -> 4
B93: Kích chân Ø38*(3,0ly - 4,5ly), L=600mm | C93: Cái | D93: 46014 | E93: 46016 | G93: 1500 | H93: =E93-D93+1 -> 3
B94: Kích chân Ø38*(3,0ly - 4,5ly), L=600mm | C94: Cái | D94: 46015 | E94: 46016 | G94: 1500 | H94: =E94-D94+1 -> 2
B95: Kích chân Ø38*(3,0ly - 4,5ly), L=600mm | C95: Cái | D95: 46015 | E95: 46016 | G95: 3000 | H95: =E95-D95+1 -> 2
B96: Kích chân Ø38*(3,0ly - 4,5ly), L=600mm | C96: Cái | D96: 46015 | E96: 46016 | G96: 2350 | H96: =E96-D96+1 -> 2 | I96: Thuê QM
B97: Kích chân Ø38*(3,0ly - 4,5ly), L=600mm | C97: Cái | D97: 46016 | E97: 46016 | G97: 1500 | H97: =E97-D97+1 -> 1
B98: Cộng | G98: =SUM(G91:G97) -> 11350
A99: =ROMAN(2,0) -> II | B99: Vận chuyển
A100: 1 | B100: Vận chuyển xe sơ mi 30 tấn | C100: Chuyến | G100: 16
A101: 2 | B101: Vận chuyển xe thùng 15 tấn | C101: Chuyến | G101: 1
A102: Biên bản lập thành 04 bản có giá trị như nhau. Mỗi bên giữ 02 bản.
A103: ĐẠI DIỆN BÊN THUÊ | E103: ĐẠI DIỆN BÊN CHO THUÊ
A109: CỘNG HÒA XÃ HỘI CHỦ NGHĨA VIỆT NAM
A110: Độc lập - Tự do - Hạnh phúc
A112: BIÊN BẢN ĐỐI CHIẾU KHỐI LƯỢNG THUÊ THIẾT BỊ
...

Sheet Vận chuyển
A1: CỘNG HÒA XÃ HỘI CHỦ NGHĨA VIỆT NAM
A2: Độc lập - Tự do - Hạnh phúc
A4: BẢNG THEO DÕI VẬN CHUYỂN
A6: - Căn cứ Hợp đồng nguyên tác số 1010/HĐKT2024/TP-MINHTRUONG ký ngày 10/10/2024 giữa Công ty Cổ phần Cơ khí và Xây dựng Minh Trường và Công ty Cổ phần Tập đoàn Thiết bị xây dựng TP về việc cho thuê thiết bị xây dựng.
A7: - Dự án: | B7: - Dự án: | C7: Nhà xưởng Nam Tài
A8: - Địa chỉ: | B8: - Địa chỉ: | C8: Lô B2, KCN Liên Hà Thái, Thái Thụy, Thái Bình
A9: - Căn cứ tình hình giao nhận thực tế giữa 02 bên. | B9: - Căn cứ tình hình giao nhận thực tế giữa 02 bên.
A10: Hôm nay, ngày ……tháng……năm 2024, chúng tôi gồm: | B10: Hôm nay, ngày ……tháng……năm 2024, chúng tôi gồm:
A11: BÊN THUÊ (BÊN A): CÔNG TY CỔ PHẦN CƠ KHÍ VÀ XÂY DỰNG MINH TRƯỜNG | B11: BÊN THUÊ (BÊN A): CÔNG TY CỔ PHẦN CƠ KHÍ VÀ XÂY DỰNG MINH TRƯỜNG
A12: Địa chỉ: Số 10 Lô BD2, khu đô thị PG, Xã An Đồng, Huyện An Dương, TP Hải Phòng, Việt Nam | B12: Địa chỉ: Số 10 Lô BD2, khu đô thị PG, Xã An Đồng, Huyện An Dương, TP Hải Phòng, Việt Nam
A13: Điện thoại: | B13: Điện thoại: | D13: 0225 629 4566
A14: Tài khoản ngân hàng số: | B14: Tài khoản ngân hàng số: | D14: 190366962980
A15: Mã số thuế: | B15: Mã số thuế: | D15: 0201803832
A16: Người đại diện: | B16: Người đại diện: | D16: Ông Nguyễn Văn Hùng
A18: BÊN CHO THUÊ (BÊN B): CÔNG TY CỔ PHẦN TẬP ĐOÀN THIẾT BỊ XÂY DỰNG TP | B18: BÊN CHO THUÊ (BÊN B): CÔNG TY CỔ PHẦN TẬP ĐOÀN THIẾT BỊ XÂY DỰNG TP
A19: Địa chỉ: Thôn Trung, xã Liên Trung, huyện Đan Phượng, Thành phố Hà Nội, Việt Nam | B19: Địa chỉ: Thôn Trung, xã Liên Trung, huyện Đan Phượng, Thành phố Hà Nội, Việt Nam
A20: Điện thoại: | B20: Điện thoại: | D20: 02433250143
A21: Tài khoản ngân hàng số: | B21: Tài khoản ngân hàng số: | D21: 8331100096008
A23: Mã số thuế: | B23: Mã số thuế: | D23: 0105204346
A24: Người đại diện: | B24: Người đại diện: | D24: Bà Đỗ Thị Hường
A26: STT | B26: Ngày | C26: Nội dung | D26: Loại xe | E26: Biển số xe | F26: Ghi chú
A27: Từ 11/10/2024 đến 25/10/2024
A28: 1 | B28: 45576 | C28: Giao hàng công trình | D28: Sơ mi 30 tấn | E28: 15H-064.54 | F28: Xe TP
A29: 2 | B29: 45576 | C29: Giao hàng công trình | D29: Sơ mi 30 tấn | E29: 14H-023.02 | F29: Xe TP
A30: 3 | B30: 45577 | C30: Giao hàng công trình | D30: Sơ mi 30 tấn | E30: 15H-092.86 | F30: Xe Minh Trường
A31: 4 | B31: 45577 | C31: Giao hàng công trình | D31: Cẩu 15 tấn | E31: 29K-046.43 | F31: Xe TP
A32: 5 | B32: 45579 | C32: Giao hàng công trình | D32: Sơ mi 30 tấn | E32: 15C-146.66 | F32: Xe TP
A33: 6 | B33: 45579 | C33: Giao hàng công trình | D33: Sơ mi 30 tấn | E33: 29C-482.69 | F33: Xe TP
A34: 7 | B34: 45579 | C34: Giao hàng công trình | D34: Sơ mi 30 tấn | E34: 15H-008.81 | F34: Xe TP
A35: 8 | B35: 45580 | C35: Giao hàng công trình | D35: Sơ mi 30 tấn | E35: 29H-888.96 | F35: Xe TP
A36: 9 | B36: 45580 | C36: Giao hàng công trình | D36: Sơ mi 30 tấn | E36: 15E-017.65 | F36: Xe TP
A37: 10 | B37: 45582 | C37: Giao hàng công trình | D37: Sơ mi 30 tấn | E37: 29C-070.91 | F37: Xe TP
A38: Từ 26/10/2024 đến 25/11/2024
A39: 1 | B39: 45592 | C39: Giao hàng công trình | D39: Cẩu 15 tấn | E39: 29H-720.49 | F39: Xe TP
A40: 2 | B40: 45597 | C40: Giao hàng công trình | D40: Sơ mi 30 tấn | E40: 29H-888.96 | F40: Xe TP
A41: 3 | B41: 45597 | C41: Giao hàng công trình | D41: Sơ mi 30 tấn | E41: 29H-782.22 | F41: Xe TP
A42: 4 | B42: 45600 | C42: Giao hàng công trình | D42: Cẩu 15 tấn | E42: 29H-672.55 | F42: Xe TP
A43: 5 | B43: 45605 | C43: Giao hàng công trình | D43: Sơ mi 30 tấn | E43: 15H-067.03 | F43: Xe TP
A44: 6 | B44: 45605 | C44: Giao hàng công trình | D44: Sơ mi 30 tấn | E44: 15E-017.65 | F44: Xe TP
A45: 7 | B45: 45607 | C45: Giao hàng công trình | D45: Sơ mi 30 tấn | E45: 29C-070.91 | F45: Xe TP
A46: 8 | B46: 45614 | C46: Giao hàng công trình | D46: Thùng 07 tấn | E46: 15E-013.70 | F46: Xe Minh Trường
A47: Từ 26/11/2024 đến 25/12/2024
A48: 1 | B48: 45636 | C48: Giao hàng công trình | D48: Thùng 07 tấn | E48: 15E-345.78 | F48: Xe Minh Trường
A49: Từ 26/12/2024 đến 20/01/2025
A50: 1 | B50: 45671 | C50: Giao hàng công trình | D50: Sơ mi 30 tấn | E50: 29H-854.18 | F50: Xe TP
A51: 2 | B51: 45672 | C51: Công trình trả hàng | D51: Sơ mi 30 tấn | E51: 29H-854.18 | F51: Xe TP
A52: 3 | B52: 45675 | C52: Giao hàng công trình | D52: Thùng 10 tấn | E52: 15C-357.10 | F52: Xe Minh Trường
A53: 4 | B53: 45675 | C53: Công trình trả hàng | D53: Thùng 20 tấn | E53: 15H-056.64 | F53: Xe Minh Trường
A55: Biên bản lập thành 04 bản có giá trị như nhau. Mỗi bên giữ 02 bản. | B55: Biên bản lập thành 04 bản có giá trị như nhau. Mỗi bên giữ 02 bản.
A56: ĐẠI DIỆN BÊN THUÊ | D56: ĐẠI DIỆN BÊN CHO THUÊ
